기준일,기준일_시트명,학원순서,학원명,올해_재학생,올해_N수,올해_총인원,올해_총인원_원본열,원본총원_차이,전년_재학생,전년_N수,전년_총인원,목표_재학생,목표_N수,목표_총인원,전년대비_재학생_증감,전년대비_N수_증감,전년대비_총원_증감,전년대비_총원_증감률,목표대비_재학생_차이,목표대비_N수_차이,목표대비_총원_차이,목표달성률_총원,원본파일,원본시트,원본행,추출_올해총원열,추출_목표열,추출_전년열
2026-03-02,3.2(월),1,최상위권 전문관,0,729,729,729,0,0,528,528,0,600,600,0,201,201,0.3806818181818182,0,129,129,1.215,"★대치,중점,거점학원사업본부_재학+N수_인원현황 및 단과장수_260329(보고용).xlsx",3.2(월),43,K,X/Y,AA/AB
2026-03-02,3.2(월),2,기숙 종합관,0,404,404,404,0,0,257,257,0,400,400,0,147,147,0.5719844357976653,0,4,4,1.01,"★대치,중점,거점학원사업본부_재학+N수_인원현황 및 단과장수_260329(보고용).xlsx",3.2(월),44,K,X/Y,AA/AB
2026-03-02,3.2(월),3,여학생 전문관,0,331,331,422,-91,0,403,403,0,395,395,0,-72,-72,-0.17866004962779156,0,-64,-64,0.8379746835443038,"★대치,중점,거점학원사업본부_재학+N수_인원현황 및 단과장수_260329(보고용).xlsx",3.2(월),45,K,X/Y,AA/AB
2026-03-02,3.2(월),4,여학생 수학전문관,0,91,91,,,0,0,0,0,0,0,0,91,91,,0,91,91,,"★대치,중점,거점학원사업본부_재학+N수_인원현황 및 단과장수_260329(보고용).xlsx",3.2(월),46,K,X/Y,AA/AB
2026-03-02,3.2(월),5,남학생 전문관,0,464,464,464,0,0,435,435,0,440,440,0,29,29,0.06666666666666667,0,24,24,1.0545454545454545,"★대치,중점,거점학원사업본부_재학+N수_인원현황 및 단과장수_260329(보고용).xlsx",3.2(월),47,K,X/Y,AA/AB
2026-03-02,3.2(월),6,강남,92,172,264,264,0,100,133,233,104,305,409,-8,39,31,0.13304721030042918,-12,-133,-145,0.6454767726161369,"★대치,중점,거점학원사업본부_재학+N수_인원현황 및 단과장수_260329(보고용).xlsx",3.2(월),21,K,X/Y,AA/AB
2026-03-02,3.2(월),7,목동,94,246,340,340,0,94,296,390,85,316,401,0,-50,-50,-0.1282051282051282,9,-70,-61,0.8478802992518704,"★대치,중점,거점학원사업본부_재학+N수_인원현황 및 단과장수_260329(보고용).xlsx",3.2(월),23,K,X/Y,AA/AB
2026-03-02,3.2(월),8,분당,176,332,508,508,0,221,340,561,220,255,475,-45,-8,-53,-0.0944741532976827,-44,77,33,1.0694736842105264,"★대치,중점,거점학원사업본부_재학+N수_인원현황 및 단과장수_260329(보고용).xlsx",3.2(월),24,K,X/Y,AA/AB
2026-03-02,3.2(월),9,대구,160,427,587,587,0,191,443,634,218,430,648,-31,-16,-47,-0.07413249211356467,-58,-3,-61,0.9058641975308642,"★대치,중점,거점학원사업본부_재학+N수_인원현황 및 단과장수_260329(보고용).xlsx",3.2(월),32,K,X/Y,AA/AB
2026-03-02,3.2(월),10,대전,101,172,273,273,0,127,185,312,125,181,306,-26,-13,-39,-0.125,-24,-9,-33,0.8921568627450981,"★대치,중점,거점학원사업본부_재학+N수_인원현황 및 단과장수_260329(보고용).xlsx",3.2(월),33,K,X/Y,AA/AB
2026-03-04,3.4(수),1,최상위권 전문관,0,733,733,733,0,0,528,528,0,600,600,0,205,205,0.38825757575757575,0,133,133,1.2216666666666667,"★대치,중점,거점학원사업본부_재학+N수_인원현황 및 단과장수_260329(보고용).xlsx",3.4(수),43,K,X/Y,AA/AB
2026-03-04,3.4(수),2,기숙 종합관,0,406,406,406,0,0,257,257,0,400,400,0,149,149,0.5797665369649806,0,6,6,1.015,"★대치,중점,거점학원사업본부_재학+N수_인원현황 및 단과장수_260329(보고용).xlsx",3.4(수),44,K,X/Y,AA/AB
2026-03-04,3.4(수),3,여학생 전문관,0,334,334,424,-90,0,404,404,0,395,395,0,-70,-70,-0.17326732673267325,0,-61,-61,0.8455696202531645,"★대치,중점,거점학원사업본부_재학+N수_인원현황 및 단과장수_260329(보고용).xlsx",3.4(수),45,K,X/Y,AA/AB
2026-03-04,3.4(수),4,여학생 수학전문관,0,90,90,,,0,0,0,0,0,0,0,90,90,,0,90,90,,"★대치,중점,거점학원사업본부_재학+N수_인원현황 및 단과장수_260329(보고용).xlsx",3.4(수),46,K,X/Y,AA/AB
2026-03-04,3.4(수),5,남학생 전문관,0,466,466,466,0,0,433,433,0,440,440,0,33,33,0.07621247113163972,0,26,26,1.059090909090909,"★대치,중점,거점학원사업본부_재학+N수_인원현황 및 단과장수_260329(보고용).xlsx",3.4(수),47,K,X/Y,AA/AB
2026-03-04,3.4(수),6,강남,94,171,265,265,0,100,136,236,104,305,409,-6,35,29,0.1228813559322034,-10,-134,-144,0.6479217603911981,"★대치,중점,거점학원사업본부_재학+N수_인원현황 및 단과장수_260329(보고용).xlsx",3.4(수),21,K,X/Y,AA/AB
2026-03-04,3.4(수),7,목동,95,251,346,346,0,94,298,392,85,316,401,1,-47,-46,-0.11734693877551021,10,-65,-55,0.8628428927680798,"★대치,중점,거점학원사업본부_재학+N수_인원현황 및 단과장수_260329(보고용).xlsx",3.4(수),23,K,X/Y,AA/AB
2026-03-04,3.4(수),8,분당,173,336,509,509,0,222,345,567,220,255,475,-49,-9,-58,-0.10229276895943562,-47,81,34,1.071578947368421,"★대치,중점,거점학원사업본부_재학+N수_인원현황 및 단과장수_260329(보고용).xlsx",3.4(수),24,K,X/Y,AA/AB
2026-03-04,3.4(수),9,대구,163,433,596,596,0,193,448,641,218,430,648,-30,-15,-45,-0.07020280811232449,-55,3,-52,0.9197530864197531,"★대치,중점,거점학원사업본부_재학+N수_인원현황 및 단과장수_260329(보고용).xlsx",3.4(수),32,K,X/Y,AA/AB
2026-03-04,3.4(수),10,대전,107,175,282,282,0,127,188,315,125,181,306,-20,-13,-33,-0.10476190476190476,-18,-6,-24,0.9215686274509803,"★대치,중점,거점학원사업본부_재학+N수_인원현황 및 단과장수_260329(보고용).xlsx",3.4(수),33,K,X/Y,AA/AB
2026-03-08,3.8(일),1,최상위권 전문관,0,729,729,729,0,0,526,526,0,600,600,0,203,203,0.38593155893536124,0,129,129,1.215,"★대치,중점,거점학원사업본부_재학+N수_인원현황 및 단과장수_260329(보고용).xlsx",3.8(일),12,L,Y/Z,AB/AC
2026-03-08,3.8(일),2,기숙 종합관,0,405,405,405,0,0,255,255,0,400,400,0,150,150,0.5882352941176471,0,5,5,1.0125,"★대치,중점,거점학원사업본부_재학+N수_인원현황 및 단과장수_260329(보고용).xlsx",3.8(일),13,L,Y/Z,AB/AC
2026-03-08,3.8(일),3,여학생 전문관,0,329,329,419,-90,0,393,393,0,395,395,0,-64,-64,-0.1628498727735369,0,-66,-66,0.8329113924050633,"★대치,중점,거점학원사업본부_재학+N수_인원현황 및 단과장수_260329(보고용).xlsx",3.8(일),14,L,Y/Z,AB/AC
2026-03-08,3.8(일),4,여학생 수학전문관,0,90,90,,,0,0,0,0,0,0,0,90,90,,0,90,90,,"★대치,중점,거점학원사업본부_재학+N수_인원현황 및 단과장수_260329(보고용).xlsx",3.8(일),15,L,Y/Z,AB/AC
2026-03-08,3.8(일),5,남학생 전문관,0,467,467,467,0,0,434,434,0,440,440,0,33,33,0.07603686635944701,0,27,27,1.0613636363636363,"★대치,중점,거점학원사업본부_재학+N수_인원현황 및 단과장수_260329(보고용).xlsx",3.8(일),16,L,Y/Z,AB/AC
2026-03-08,3.8(일),6,강남,97,171,268,268,0,105,137,242,104,305,409,-8,34,26,0.10743801652892562,-7,-134,-141,0.6552567237163814,"★대치,중점,거점학원사업본부_재학+N수_인원현황 및 단과장수_260329(보고용).xlsx",3.8(일),18,L,Y/Z,AB/AC
2026-03-08,3.8(일),7,목동,95,254,349,349,0,93,300,393,85,316,401,2,-46,-44,-0.11195928753180662,10,-62,-52,0.8703241895261845,"★대치,중점,거점학원사업본부_재학+N수_인원현황 및 단과장수_260329(보고용).xlsx",3.8(일),19,L,Y/Z,AB/AC
2026-03-08,3.8(일),8,분당,176,345,521,521,0,212,351,563,220,255,475,-36,-6,-42,-0.07460035523978685,-44,90,46,1.0968421052631578,"★대치,중점,거점학원사업본부_재학+N수_인원현황 및 단과장수_260329(보고용).xlsx",3.8(일),20,L,Y/Z,AB/AC
2026-03-08,3.8(일),9,대구,162,442,604,604,0,197,448,645,218,430,648,-35,-6,-41,-0.06356589147286822,-56,12,-44,0.9320987654320988,"★대치,중점,거점학원사업본부_재학+N수_인원현황 및 단과장수_260329(보고용).xlsx",3.8(일),21,L,Y/Z,AB/AC
2026-03-08,3.8(일),10,대전,110,177,287,287,0,125,191,316,125,181,306,-15,-14,-29,-0.09177215189873418,-15,-4,-19,0.9379084967320261,"★대치,중점,거점학원사업본부_재학+N수_인원현황 및 단과장수_260329(보고용).xlsx",3.8(일),22,L,Y/Z,AB/AC
2026-03-11,3.11(수),1,최상위권 전문관,0,735,735,735,0,0,526,526,0,600,600,0,209,209,0.3973384030418251,0,135,135,1.225,"★대치,중점,거점학원사업본부_재학+N수_인원현황 및 단과장수_260329(보고용).xlsx",3.11(수),12,L,Y/Z,AB/AC
2026-03-11,3.11(수),2,기숙 종합관,0,407,407,407,0,0,254,254,0,400,400,0,153,153,0.6023622047244095,0,7,7,1.0175,"★대치,중점,거점학원사업본부_재학+N수_인원현황 및 단과장수_260329(보고용).xlsx",3.11(수),13,L,Y/Z,AB/AC
2026-03-11,3.11(수),3,여학생 전문관,0,331,331,422,-91,0,395,395,0,395,395,0,-64,-64,-0.1620253164556962,0,-64,-64,0.8379746835443038,"★대치,중점,거점학원사업본부_재학+N수_인원현황 및 단과장수_260329(보고용).xlsx",3.11(수),14,L,Y/Z,AB/AC
2026-03-11,3.11(수),4,여학생 수학전문관,0,91,91,,,0,0,0,0,0,0,0,91,91,,0,91,91,,"★대치,중점,거점학원사업본부_재학+N수_인원현황 및 단과장수_260329(보고용).xlsx",3.11(수),15,L,Y/Z,AB/AC
2026-03-11,3.11(수),5,남학생 전문관,0,457,457,457,0,0,432,432,0,440,440,0,25,25,0.05787037037037037,0,17,17,1.0386363636363636,"★대치,중점,거점학원사업본부_재학+N수_인원현황 및 단과장수_260329(보고용).xlsx",3.11(수),16,L,Y/Z,AB/AC
2026-03-11,3.11(수),6,강남,97,174,271,271,0,105,138,243,104,305,409,-8,36,28,0.11522633744855967,-7,-131,-138,0.6625916870415648,"★대치,중점,거점학원사업본부_재학+N수_인원현황 및 단과장수_260329(보고용).xlsx",3.11(수),18,L,Y/Z,AB/AC
2026-03-11,3.11(수),7,목동,95,257,352,352,0,92,301,393,85,316,401,3,-44,-41,-0.10432569974554708,10,-59,-49,0.8778054862842892,"★대치,중점,거점학원사업본부_재학+N수_인원현황 및 단과장수_260329(보고용).xlsx",3.11(수),19,L,Y/Z,AB/AC
2026-03-11,3.11(수),8,분당,174,348,522,522,0,213,355,568,220,255,475,-39,-7,-46,-0.08098591549295775,-46,93,47,1.0989473684210527,"★대치,중점,거점학원사업본부_재학+N수_인원현황 및 단과장수_260329(보고용).xlsx",3.11(수),20,L,Y/Z,AB/AC
2026-03-11,3.11(수),9,대구,164,442,606,606,0,197,449,646,218,430,648,-33,-7,-40,-0.06191950464396285,-54,12,-42,0.9351851851851852,"★대치,중점,거점학원사업본부_재학+N수_인원현황 및 단과장수_260329(보고용).xlsx",3.11(수),21,L,Y/Z,AB/AC
2026-03-11,3.11(수),10,대전,111,184,295,295,0,125,189,314,125,181,306,-14,-5,-19,-0.06050955414012739,-14,3,-11,0.9640522875816994,"★대치,중점,거점학원사업본부_재학+N수_인원현황 및 단과장수_260329(보고용).xlsx",3.11(수),22,L,Y/Z,AB/AC
2026-03-15,3.15(일),1,최상위권 전문관,0,735,735,735,0,0,490,490,0,600,600,0,245,245,0.5,0,135,135,1.225,"★대치,중점,거점학원사업본부_재학+N수_인원현황 및 단과장수_260329(보고용).xlsx",3.15(일),12,L,Y/Z,AB/AC
2026-03-15,3.15(일),2,기숙 종합관,0,410,410,410,0,0,252,252,0,400,400,0,158,158,0.626984126984127,0,10,10,1.025,"★대치,중점,거점학원사업본부_재학+N수_인원현황 및 단과장수_260329(보고용).xlsx",3.15(일),13,L,Y/Z,AB/AC
2026-03-15,3.15(일),3,여학생 전문관,0,329,329,420,-91,0,350,350,0,395,395,0,-21,-21,-0.06,0,-66,-66,0.8329113924050633,"★대치,중점,거점학원사업본부_재학+N수_인원현황 및 단과장수_260329(보고용).xlsx",3.15(일),14,L,Y/Z,AB/AC
2026-03-15,3.15(일),4,여학생 수학전문관,0,91,91,,,0,0,0,0,0,0,0,91,91,,0,91,91,,"★대치,중점,거점학원사업본부_재학+N수_인원현황 및 단과장수_260329(보고용).xlsx",3.15(일),15,L,Y/Z,AB/AC
2026-03-15,3.15(일),5,남학생 전문관,0,454,454,454,0,0,431,431,0,440,440,0,23,23,0.05336426914153132,0,14,14,1.0318181818181817,"★대치,중점,거점학원사업본부_재학+N수_인원현황 및 단과장수_260329(보고용).xlsx",3.15(일),16,L,Y/Z,AB/AC
2026-03-15,3.15(일),6,강남,99,180,279,279,0,104,140,244,104,305,409,-5,40,35,0.14344262295081966,-5,-125,-130,0.6821515892420538,"★대치,중점,거점학원사업본부_재학+N수_인원현황 및 단과장수_260329(보고용).xlsx",3.15(일),18,L,Y/Z,AB/AC
2026-03-15,3.15(일),7,목동,96,259,355,355,0,93,303,396,85,316,401,3,-44,-41,-0.10353535353535354,11,-57,-46,0.885286783042394,"★대치,중점,거점학원사업본부_재학+N수_인원현황 및 단과장수_260329(보고용).xlsx",3.15(일),19,L,Y/Z,AB/AC
2026-03-15,3.15(일),8,분당,174,354,528,528,0,213,355,568,220,255,475,-39,-1,-40,-0.07042253521126761,-46,99,53,1.111578947368421,"★대치,중점,거점학원사업본부_재학+N수_인원현황 및 단과장수_260329(보고용).xlsx",3.15(일),20,L,Y/Z,AB/AC
2026-03-15,3.15(일),9,대구,163,446,609,609,0,197,449,646,218,430,648,-34,-3,-37,-0.05727554179566564,-55,16,-39,0.9398148148148148,"★대치,중점,거점학원사업본부_재학+N수_인원현황 및 단과장수_260329(보고용).xlsx",3.15(일),21,L,Y/Z,AB/AC
2026-03-15,3.15(일),10,대전,111,186,297,297,0,124,188,312,125,181,306,-13,-2,-15,-0.04807692307692308,-14,5,-9,0.9705882352941176,"★대치,중점,거점학원사업본부_재학+N수_인원현황 및 단과장수_260329(보고용).xlsx",3.15(일),22,L,Y/Z,AB/AC
2026-03-18,3.18(수),1,최상위권 전문관,0,734,734,734,0,0,515,515,0,600,600,0,219,219,0.42524271844660194,0,134,134,1.2233333333333334,"★대치,중점,거점학원사업본부_재학+N수_인원현황 및 단과장수_260329(보고용).xlsx",3.18(수),12,L,Y/Z,AB/AC
2026-03-18,3.18(수),2,기숙 종합관,0,413,413,413,0,0,251,251,0,400,400,0,162,162,0.6454183266932271,0,13,13,1.0325,"★대치,중점,거점학원사업본부_재학+N수_인원현황 및 단과장수_260329(보고용).xlsx",3.18(수),13,L,Y/Z,AB/AC
2026-03-18,3.18(수),3,여학생 전문관,0,328,328,419,-91,0,374,374,0,395,395,0,-46,-46,-0.12299465240641712,0,-67,-67,0.830379746835443,"★대치,중점,거점학원사업본부_재학+N수_인원현황 및 단과장수_260329(보고용).xlsx",3.18(수),14,L,Y/Z,AB/AC
2026-03-18,3.18(수),4,여학생 수학전문관,0,91,91,,,0,0,0,0,0,0,0,91,91,,0,91,91,,"★대치,중점,거점학원사업본부_재학+N수_인원현황 및 단과장수_260329(보고용).xlsx",3.18(수),15,L,Y/Z,AB/AC
2026-03-18,3.18(수),5,남학생 전문관,0,453,453,453,0,0,436,436,0,440,440,0,17,17,0.0389908256880734,0,13,13,1.0295454545454545,"★대치,중점,거점학원사업본부_재학+N수_인원현황 및 단과장수_260329(보고용).xlsx",3.18(수),16,L,Y/Z,AB/AC
2026-03-18,3.18(수),6,강남,101,184,285,285,0,104,141,245,104,305,409,-3,43,40,0.16326530612244897,-3,-121,-124,0.6968215158924206,"★대치,중점,거점학원사업본부_재학+N수_인원현황 및 단과장수_260329(보고용).xlsx",3.18(수),18,L,Y/Z,AB/AC
2026-03-18,3.18(수),7,목동,95,262,357,357,0,91,303,394,85,316,401,4,-41,-37,-0.09390862944162437,10,-54,-44,0.8902743142144638,"★대치,중점,거점학원사업본부_재학+N수_인원현황 및 단과장수_260329(보고용).xlsx",3.18(수),19,L,Y/Z,AB/AC
2026-03-18,3.18(수),8,분당,175,356,531,531,0,212,362,574,220,255,475,-37,-6,-43,-0.07491289198606271,-45,101,56,1.1178947368421053,"★대치,중점,거점학원사업본부_재학+N수_인원현황 및 단과장수_260329(보고용).xlsx",3.18(수),20,L,Y/Z,AB/AC
2026-03-18,3.18(수),9,대구,168,444,612,612,0,200,448,648,218,430,648,-32,-4,-36,-0.05555555555555555,-50,14,-36,0.9444444444444444,"★대치,중점,거점학원사업본부_재학+N수_인원현황 및 단과장수_260329(보고용).xlsx",3.18(수),21,L,Y/Z,AB/AC
2026-03-18,3.18(수),10,대전,113,189,302,302,0,125,188,313,125,181,306,-12,1,-11,-0.03514376996805112,-12,8,-4,0.9869281045751634,"★대치,중점,거점학원사업본부_재학+N수_인원현황 및 단과장수_260329(보고용).xlsx",3.18(수),22,L,Y/Z,AB/AC
2026-03-22,3.22(일),1,최상위권 전문관,0,752,752,752,0,0,526,526,0,610,610,0,226,226,0.4296577946768061,0,142,142,1.2327868852459016,"★대치,중점,거점학원사업본부_재학+N수_인원현황 및 단과장수_260329(보고용).xlsx",3.22(일),12,L,Y/Z,AB/AC
2026-03-22,3.22(일),2,기숙 종합관,0,418,418,418,0,0,258,258,0,390,390,0,160,160,0.6201550387596899,0,28,28,1.0717948717948718,"★대치,중점,거점학원사업본부_재학+N수_인원현황 및 단과장수_260329(보고용).xlsx",3.22(일),13,L,Y/Z,AB/AC
2026-03-22,3.22(일),3,여학생 전문관,0,330,330,426,-96,0,381,381,0,400,400,0,-51,-51,-0.13385826771653545,0,-70,-70,0.825,"★대치,중점,거점학원사업본부_재학+N수_인원현황 및 단과장수_260329(보고용).xlsx",3.22(일),14,L,Y/Z,AB/AC
2026-03-22,3.22(일),4,여학생 수학전문관,0,96,96,,,0,0,0,0,0,0,0,96,96,,0,96,96,,"★대치,중점,거점학원사업본부_재학+N수_인원현황 및 단과장수_260329(보고용).xlsx",3.22(일),15,L,Y/Z,AB/AC
2026-03-22,3.22(일),5,남학생 전문관,0,462,462,462,0,0,439,439,0,450,450,0,23,23,0.05239179954441914,0,12,12,1.0266666666666666,"★대치,중점,거점학원사업본부_재학+N수_인원현황 및 단과장수_260329(보고용).xlsx",3.22(일),16,L,Y/Z,AB/AC
2026-03-22,3.22(일),6,강남,102,181,283,283,0,104,145,249,104,305,409,-2,36,34,0.13654618473895583,-2,-124,-126,0.6919315403422983,"★대치,중점,거점학원사업본부_재학+N수_인원현황 및 단과장수_260329(보고용).xlsx",3.22(일),18,L,Y/Z,AB/AC
2026-03-22,3.22(일),7,목동,94,262,356,356,0,91,305,396,85,316,401,3,-43,-40,-0.10101010101010101,9,-54,-45,0.8877805486284289,"★대치,중점,거점학원사업본부_재학+N수_인원현황 및 단과장수_260329(보고용).xlsx",3.22(일),19,L,Y/Z,AB/AC
2026-03-22,3.22(일),8,분당,174,355,529,529,0,212,364,576,220,255,475,-38,-9,-47,-0.08159722222222222,-46,100,54,1.1136842105263158,"★대치,중점,거점학원사업본부_재학+N수_인원현황 및 단과장수_260329(보고용).xlsx",3.22(일),20,L,Y/Z,AB/AC
2026-03-22,3.22(일),9,대구,169,447,616,616,0,201,445,646,218,430,648,-32,2,-30,-0.04643962848297214,-49,17,-32,0.9506172839506173,"★대치,중점,거점학원사업본부_재학+N수_인원현황 및 단과장수_260329(보고용).xlsx",3.22(일),21,L,Y/Z,AB/AC
2026-03-22,3.22(일),10,대전,112,190,302,302,0,124,191,315,125,181,306,-12,-1,-13,-0.04126984126984127,-13,9,-4,0.9869281045751634,"★대치,중점,거점학원사업본부_재학+N수_인원현황 및 단과장수_260329(보고용).xlsx",3.22(일),22,L,Y/Z,AB/AC
2026-03-25,3.25(수),1,최상위권 전문관,0,758,758,758,0,0,537,537,0,610,610,0,221,221,0.41154562383612664,0,148,148,1.2426229508196722,"★대치,중점,거점학원사업본부_재학+N수_인원현황 및 단과장수_260329(보고용).xlsx",3.25(수),12,L,Y/Z,AB/AC
2026-03-25,3.25(수),2,기숙 종합관,0,415,415,415,0,0,259,259,0,390,390,0,156,156,0.6023166023166023,0,25,25,1.064102564102564,"★대치,중점,거점학원사업본부_재학+N수_인원현황 및 단과장수_260329(보고용).xlsx",3.25(수),13,L,Y/Z,AB/AC
2026-03-25,3.25(수),3,여학생 전문관,0,333,333,431,-98,0,390,390,0,400,400,0,-57,-57,-0.14615384615384616,0,-67,-67,0.8325,"★대치,중점,거점학원사업본부_재학+N수_인원현황 및 단과장수_260329(보고용).xlsx",3.25(수),14,L,Y/Z,AB/AC
2026-03-25,3.25(수),4,여학생 수학전문관,0,98,98,,,0,0,0,0,0,0,0,98,98,,0,98,98,,"★대치,중점,거점학원사업본부_재학+N수_인원현황 및 단과장수_260329(보고용).xlsx",3.25(수),15,L,Y/Z,AB/AC
2026-03-25,3.25(수),5,남학생 전문관,0,461,461,461,0,0,439,439,0,450,450,0,22,22,0.05011389521640091,0,11,11,1.0244444444444445,"★대치,중점,거점학원사업본부_재학+N수_인원현황 및 단과장수_260329(보고용).xlsx",3.25(수),16,L,Y/Z,AB/AC
2026-03-25,3.25(수),6,강남,101,179,280,280,0,103,146,249,104,305,409,-2,33,31,0.12449799196787148,-3,-126,-129,0.684596577017115,"★대치,중점,거점학원사업본부_재학+N수_인원현황 및 단과장수_260329(보고용).xlsx",3.25(수),18,L,Y/Z,AB/AC
2026-03-25,3.25(수),7,목동,94,262,356,356,0,90,306,396,85,316,401,4,-44,-40,-0.10101010101010101,9,-54,-45,0.8877805486284289,"★대치,중점,거점학원사업본부_재학+N수_인원현황 및 단과장수_260329(보고용).xlsx",3.25(수),19,L,Y/Z,AB/AC
2026-03-25,3.25(수),8,분당,175,358,533,533,0,212,365,577,220,255,475,-37,-7,-44,-0.07625649913344887,-45,103,58,1.1221052631578947,"★대치,중점,거점학원사업본부_재학+N수_인원현황 및 단과장수_260329(보고용).xlsx",3.25(수),20,L,Y/Z,AB/AC
2026-03-25,3.25(수),9,대구,170,453,623,623,0,202,452,654,218,430,648,-32,1,-31,-0.047400611620795105,-48,23,-25,0.9614197530864198,"★대치,중점,거점학원사업본부_재학+N수_인원현황 및 단과장수_260329(보고용).xlsx",3.25(수),21,L,Y/Z,AB/AC
2026-03-25,3.25(수),10,대전,114,194,308,308,0,125,188,313,125,181,306,-11,6,-5,-0.01597444089456869,-11,13,2,1.0065359477124183,"★대치,중점,거점학원사업본부_재학+N수_인원현황 및 단과장수_260329(보고용).xlsx",3.25(수),22,L,Y/Z,AB/AC
2026-03-29,3.29(일),1,최상위권 전문관,0,757,757,757,0,0,542,542,0,610,610,0,215,215,0.3966789667896679,0,147,147,1.240983606557377,"★대치,중점,거점학원사업본부_재학+N수_인원현황 및 단과장수_260329(보고용).xlsx",3.29(일),12,L,Y/Z,AB/AC
2026-03-29,3.29(일),2,기숙 종합관,0,414,414,414,0,0,258,258,0,390,390,0,156,156,0.6046511627906976,0,24,24,1.0615384615384615,"★대치,중점,거점학원사업본부_재학+N수_인원현황 및 단과장수_260329(보고용).xlsx",3.29(일),13,L,Y/Z,AB/AC
2026-03-29,3.29(일),3,여학생 전문관,0,328,328,426,-98,0,396,396,0,400,400,0,-68,-68,-0.1717171717171717,0,-72,-72,0.82,"★대치,중점,거점학원사업본부_재학+N수_인원현황 및 단과장수_260329(보고용).xlsx",3.29(일),14,L,Y/Z,AB/AC
2026-03-29,3.29(일),4,여학생 수학전문관,0,98,98,,,0,0,0,0,0,0,0,98,98,,0,98,98,,"★대치,중점,거점학원사업본부_재학+N수_인원현황 및 단과장수_260329(보고용).xlsx",3.29(일),15,L,Y/Z,AB/AC
2026-03-29,3.29(일),5,남학생 전문관,0,458,458,458,0,0,430,430,0,450,450,0,28,28,0.06511627906976744,0,8,8,1.0177777777777777,"★대치,중점,거점학원사업본부_재학+N수_인원현황 및 단과장수_260329(보고용).xlsx",3.29(일),16,L,Y/Z,AB/AC
2026-03-29,3.29(일),6,강남,103,178,281,281,0,104,147,251,104,305,409,-1,31,30,0.11952191235059761,-1,-127,-128,0.687041564792176,"★대치,중점,거점학원사업본부_재학+N수_인원현황 및 단과장수_260329(보고용).xlsx",3.29(일),18,L,Y/Z,AB/AC
2026-03-29,3.29(일),7,목동,93,263,356,356,0,85,303,388,85,316,401,8,-40,-32,-0.08247422680412371,8,-53,-45,0.8877805486284289,"★대치,중점,거점학원사업본부_재학+N수_인원현황 및 단과장수_260329(보고용).xlsx",3.29(일),19,L,Y/Z,AB/AC
2026-03-29,3.29(일),8,분당,176,354,530,530,0,212,362,574,220,255,475,-36,-8,-44,-0.07665505226480836,-44,99,55,1.1157894736842104,"★대치,중점,거점학원사업본부_재학+N수_인원현황 및 단과장수_260329(보고용).xlsx",3.29(일),20,L,Y/Z,AB/AC
2026-03-29,3.29(일),9,대구,173,456,629,629,0,203,440,643,218,430,648,-30,16,-14,-0.02177293934681182,-45,26,-19,0.970679012345679,"★대치,중점,거점학원사업본부_재학+N수_인원현황 및 단과장수_260329(보고용).xlsx",3.29(일),21,L,Y/Z,AB/AC
2026-03-29,3.29(일),10,대전,116,192,308,308,0,124,192,316,125,181,306,-8,0,-8,-0.02531645569620253,-9,11,2,1.0065359477124183,"★대치,중점,거점학원사업본부_재학+N수_인원현황 및 단과장수_260329(보고용).xlsx",3.29(일),22,L,Y/Z,AB/AC
2026-04-01,4.1(수),1,최상위권 전문관,0,755,755,755,0,0,546,546,0,610,610,0,209,209,0.38278388278388276,0,145,145,1.2377049180327868,"★대치,중점,거점학원사업본부_재학+N수_인원현황 및 단과장수_260429(보고용).xlsx",4.1(수),12,L,Y/Z,AB/AC
2026-04-01,4.1(수),2,기숙 종합관,0,411,411,411,0,0,258,258,0,390,390,0,153,153,0.5930232558139535,0,21,21,1.0538461538461539,"★대치,중점,거점학원사업본부_재학+N수_인원현황 및 단과장수_260429(보고용).xlsx",4.1(수),13,L,Y/Z,AB/AC
2026-04-01,4.1(수),3,여학생 전문관,0,328,328,425,-97,0,406,406,0,400,400,0,-78,-78,-0.1921182266009852,0,-72,-72,0.82,"★대치,중점,거점학원사업본부_재학+N수_인원현황 및 단과장수_260429(보고용).xlsx",4.1(수),14,L,Y/Z,AB/AC
2026-04-01,4.1(수),4,여학생 수학전문관,0,97,97,,,0,0,0,0,0,0,0,97,97,,0,97,97,,"★대치,중점,거점학원사업본부_재학+N수_인원현황 및 단과장수_260429(보고용).xlsx",4.1(수),15,L,Y/Z,AB/AC
2026-04-01,4.1(수),5,남학생 전문관,0,461,461,461,0,0,435,435,0,450,450,0,26,26,0.059770114942528735,0,11,11,1.0244444444444445,"★대치,중점,거점학원사업본부_재학+N수_인원현황 및 단과장수_260429(보고용).xlsx",4.1(수),16,L,Y/Z,AB/AC
2026-04-01,4.1(수),6,강남,97,175,272,272,0,97,150,247,99,320,419,0,25,25,0.10121457489878542,-2,-145,-147,0.649164677804296,"★대치,중점,거점학원사업본부_재학+N수_인원현황 및 단과장수_260429(보고용).xlsx",4.1(수),18,L,Y/Z,AB/AC
2026-04-01,4.1(수),7,목동,83,268,351,351,0,83,310,393,87,333,420,0,-42,-42,-0.10687022900763359,-4,-65,-69,0.8357142857142857,"★대치,중점,거점학원사업본부_재학+N수_인원현황 및 단과장수_260429(보고용).xlsx",4.1(수),19,L,Y/Z,AB/AC
2026-04-01,4.1(수),8,분당,160,355,515,515,0,206,365,571,215,370,585,-46,-10,-56,-0.09807355516637478,-55,-15,-70,0.8803418803418803,"★대치,중점,거점학원사업본부_재학+N수_인원현황 및 단과장수_260429(보고용).xlsx",4.1(수),20,L,Y/Z,AB/AC
2026-04-01,4.1(수),9,대구,162,443,605,605,0,172,444,616,213,425,638,-10,-1,-11,-0.017857142857142856,-51,18,-33,0.9482758620689655,"★대치,중점,거점학원사업본부_재학+N수_인원현황 및 단과장수_260429(보고용).xlsx",4.1(수),21,L,Y/Z,AB/AC
2026-04-01,4.1(수),10,대전,110,185,295,295,0,109,199,308,115,195,310,1,-14,-13,-0.04220779220779221,-5,-10,-15,0.9516129032258065,"★대치,중점,거점학원사업본부_재학+N수_인원현황 및 단과장수_260429(보고용).xlsx",4.1(수),22,L,Y/Z,AB/AC
2026-04-05,4.5(일),1,최상위권 전문관,0,753,753,753,0,0,547,547,0,610,610,0,206,206,0.376599634369287,0,143,143,1.2344262295081967,"★대치,중점,거점학원사업본부_재학+N수_인원현황 및 단과장수_260429(보고용).xlsx",4.5(일),12,L,Y/Z,AB/AC
2026-04-05,4.5(일),2,기숙 종합관,0,410,410,410,0,0,259,259,0,390,390,0,151,151,0.583011583011583,0,20,20,1.0512820512820513,"★대치,중점,거점학원사업본부_재학+N수_인원현황 및 단과장수_260429(보고용).xlsx",4.5(일),13,L,Y/Z,AB/AC
2026-04-05,4.5(일),3,여학생 전문관,0,325,325,424,-99,0,403,403,0,400,400,0,-78,-78,-0.1935483870967742,0,-75,-75,0.8125,"★대치,중점,거점학원사업본부_재학+N수_인원현황 및 단과장수_260429(보고용).xlsx",4.5(일),14,L,Y/Z,AB/AC
2026-04-05,4.5(일),4,여학생 수학전문관,0,99,99,,,0,0,0,0,0,0,0,99,99,,0,99,99,,"★대치,중점,거점학원사업본부_재학+N수_인원현황 및 단과장수_260429(보고용).xlsx",4.5(일),15,L,Y/Z,AB/AC
2026-04-05,4.5(일),5,남학생 전문관,0,458,458,458,0,0,431,431,0,450,450,0,27,27,0.06264501160092807,0,8,8,1.0177777777777777,"★대치,중점,거점학원사업본부_재학+N수_인원현황 및 단과장수_260429(보고용).xlsx",4.5(일),16,L,Y/Z,AB/AC
2026-04-05,4.5(일),6,강남,99,177,276,276,0,98,155,253,99,320,419,1,22,23,0.09090909090909091,0,-143,-143,0.6587112171837709,"★대치,중점,거점학원사업본부_재학+N수_인원현황 및 단과장수_260429(보고용).xlsx",4.5(일),18,L,Y/Z,AB/AC
2026-04-05,4.5(일),7,목동,83,272,355,355,0,84,314,398,87,333,420,-1,-42,-43,-0.10804020100502512,-4,-61,-65,0.8452380952380952,"★대치,중점,거점학원사업본부_재학+N수_인원현황 및 단과장수_260429(보고용).xlsx",4.5(일),19,L,Y/Z,AB/AC
2026-04-05,4.5(일),8,분당,160,356,516,516,0,207,364,571,215,370,585,-47,-8,-55,-0.09632224168126094,-55,-14,-69,0.882051282051282,"★대치,중점,거점학원사업본부_재학+N수_인원현황 및 단과장수_260429(보고용).xlsx",4.5(일),20,L,Y/Z,AB/AC
2026-04-05,4.5(일),9,대구,161,446,607,607,0,172,446,618,213,425,638,-11,0,-11,-0.01779935275080906,-52,21,-31,0.95141065830721,"★대치,중점,거점학원사업본부_재학+N수_인원현황 및 단과장수_260429(보고용).xlsx",4.5(일),21,L,Y/Z,AB/AC
2026-04-05,4.5(일),10,대전,110,188,298,298,0,109,201,310,115,195,310,1,-13,-12,-0.03870967741935484,-5,-7,-12,0.9612903225806452,"★대치,중점,거점학원사업본부_재학+N수_인원현황 및 단과장수_260429(보고용).xlsx",4.5(일),22,L,Y/Z,AB/AC
2026-04-08,4.8(수),1,최상위권 전문관,0,759,759,759,0,0,547,547,0,610,610,0,212,212,0.3875685557586837,0,149,149,1.2442622950819673,"★대치,중점,거점학원사업본부_재학+N수_인원현황 및 단과장수_260429(보고용).xlsx",4.8(수),12,L,Y/Z,AB/AC
2026-04-08,4.8(수),2,기숙 종합관,0,411,411,411,0,0,259,259,0,390,390,0,152,152,0.5868725868725869,0,21,21,1.0538461538461539,"★대치,중점,거점학원사업본부_재학+N수_인원현황 및 단과장수_260429(보고용).xlsx",4.8(수),13,L,Y/Z,AB/AC
2026-04-08,4.8(수),3,여학생 전문관,0,322,322,421,-99,0,403,403,0,400,400,0,-81,-81,-0.20099255583126552,0,-78,-78,0.805,"★대치,중점,거점학원사업본부_재학+N수_인원현황 및 단과장수_260429(보고용).xlsx",4.8(수),14,L,Y/Z,AB/AC
2026-04-08,4.8(수),4,여학생 수학전문관,0,99,99,,,0,0,0,0,0,0,0,99,99,,0,99,99,,"★대치,중점,거점학원사업본부_재학+N수_인원현황 및 단과장수_260429(보고용).xlsx",4.8(수),15,L,Y/Z,AB/AC
2026-04-08,4.8(수),5,남학생 전문관,0,457,457,457,0,0,429,429,0,450,450,0,28,28,0.06526806526806526,0,7,7,1.0155555555555555,"★대치,중점,거점학원사업본부_재학+N수_인원현황 및 단과장수_260429(보고용).xlsx",4.8(수),16,L,Y/Z,AB/AC
2026-04-08,4.8(수),6,강남,99,182,281,281,0,98,156,254,99,320,419,1,26,27,0.1062992125984252,0,-138,-138,0.6706443914081146,"★대치,중점,거점학원사업본부_재학+N수_인원현황 및 단과장수_260429(보고용).xlsx",4.8(수),18,L,Y/Z,AB/AC
2026-04-08,4.8(수),7,목동,83,276,359,359,0,83,317,400,87,333,420,0,-41,-41,-0.1025,-4,-57,-61,0.8547619047619047,"★대치,중점,거점학원사업본부_재학+N수_인원현황 및 단과장수_260429(보고용).xlsx",4.8(수),19,L,Y/Z,AB/AC
2026-04-08,4.8(수),8,분당,161,360,521,521,0,207,368,575,215,370,585,-46,-8,-54,-0.09391304347826086,-54,-10,-64,0.8905982905982905,"★대치,중점,거점학원사업본부_재학+N수_인원현황 및 단과장수_260429(보고용).xlsx",4.8(수),20,L,Y/Z,AB/AC
2026-04-08,4.8(수),9,대구,162,446,608,608,0,174,445,619,213,425,638,-12,1,-11,-0.017770597738287562,-51,21,-30,0.9529780564263323,"★대치,중점,거점학원사업본부_재학+N수_인원현황 및 단과장수_260429(보고용).xlsx",4.8(수),21,L,Y/Z,AB/AC
2026-04-08,4.8(수),10,대전,110,191,301,301,0,112,203,315,115,195,310,-2,-12,-14,-0.044444444444444446,-5,-4,-9,0.9709677419354839,"★대치,중점,거점학원사업본부_재학+N수_인원현황 및 단과장수_260429(보고용).xlsx",4.8(수),22,L,Y/Z,AB/AC
2026-04-12,4.12(일),1,최상위권 전문관,0,759,759,759,0,0,549,549,0,610,610,0,210,210,0.3825136612021858,0,149,149,1.2442622950819673,"★대치,중점,거점학원사업본부_재학+N수_인원현황 및 단과장수_260429(보고용).xlsx",4.12(일),12,L,Y/Z,AB/AC
2026-04-12,4.12(일),2,기숙 종합관,0,411,411,411,0,0,257,257,0,390,390,0,154,154,0.5992217898832685,0,21,21,1.0538461538461539,"★대치,중점,거점학원사업본부_재학+N수_인원현황 및 단과장수_260429(보고용).xlsx",4.12(일),13,L,Y/Z,AB/AC
2026-04-12,4.12(일),3,여학생 전문관,0,323,323,421,-98,0,404,404,0,400,400,0,-81,-81,-0.2004950495049505,0,-77,-77,0.8075,"★대치,중점,거점학원사업본부_재학+N수_인원현황 및 단과장수_260429(보고용).xlsx",4.12(일),14,L,Y/Z,AB/AC
2026-04-12,4.12(일),4,여학생 수학전문관,0,98,98,,,0,0,0,0,0,0,0,98,98,,0,98,98,,"★대치,중점,거점학원사업본부_재학+N수_인원현황 및 단과장수_260429(보고용).xlsx",4.12(일),15,L,Y/Z,AB/AC
2026-04-12,4.12(일),5,남학생 전문관,0,457,457,457,0,0,432,432,0,450,450,0,25,25,0.05787037037037037,0,7,7,1.0155555555555555,"★대치,중점,거점학원사업본부_재학+N수_인원현황 및 단과장수_260429(보고용).xlsx",4.12(일),16,L,Y/Z,AB/AC
2026-04-12,4.12(일),6,강남,102,186,288,288,0,98,158,256,99,320,419,4,28,32,0.125,3,-134,-131,0.6873508353221957,"★대치,중점,거점학원사업본부_재학+N수_인원현황 및 단과장수_260429(보고용).xlsx",4.12(일),18,L,Y/Z,AB/AC
2026-04-12,4.12(일),7,목동,83,277,360,360,0,86,320,406,87,333,420,-3,-43,-46,-0.11330049261083744,-4,-56,-60,0.8571428571428571,"★대치,중점,거점학원사업본부_재학+N수_인원현황 및 단과장수_260429(보고용).xlsx",4.12(일),19,L,Y/Z,AB/AC
2026-04-12,4.12(일),8,분당,161,356,517,517,0,208,368,576,215,370,585,-47,-12,-59,-0.10243055555555555,-54,-14,-68,0.8837606837606837,"★대치,중점,거점학원사업본부_재학+N수_인원현황 및 단과장수_260429(보고용).xlsx",4.12(일),20,L,Y/Z,AB/AC
2026-04-12,4.12(일),9,대구,165,451,616,616,0,174,448,622,213,425,638,-9,3,-6,-0.00964630225080386,-48,26,-22,0.9655172413793104,"★대치,중점,거점학원사업본부_재학+N수_인원현황 및 단과장수_260429(보고용).xlsx",4.12(일),21,L,Y/Z,AB/AC
2026-04-12,4.12(일),10,대전,109,192,301,301,0,111,203,314,115,195,310,-2,-11,-13,-0.041401273885350316,-6,-3,-9,0.9709677419354839,"★대치,중점,거점학원사업본부_재학+N수_인원현황 및 단과장수_260429(보고용).xlsx",4.12(일),22,L,Y/Z,AB/AC
2026-04-15,4.15(수),1,최상위권 전문관,0,747,747,747,0,0,548,548,0,610,610,0,199,199,0.36313868613138683,0,137,137,1.2245901639344263,"★대치,중점,거점학원사업본부_재학+N수_인원현황 및 단과장수_260429(보고용).xlsx",4.15(수),12,L,Y/Z,AB/AC
2026-04-15,4.15(수),2,기숙 종합관,0,410,410,410,0,0,259,259,0,390,390,0,151,151,0.583011583011583,0,20,20,1.0512820512820513,"★대치,중점,거점학원사업본부_재학+N수_인원현황 및 단과장수_260429(보고용).xlsx",4.15(수),13,L,Y/Z,AB/AC
2026-04-15,4.15(수),3,여학생 전문관,0,324,324,423,-99,0,399,399,0,400,400,0,-75,-75,-0.18796992481203006,0,-76,-76,0.81,"★대치,중점,거점학원사업본부_재학+N수_인원현황 및 단과장수_260429(보고용).xlsx",4.15(수),14,L,Y/Z,AB/AC
2026-04-15,4.15(수),4,여학생 수학전문관,0,99,99,,,0,0,0,0,0,0,0,99,99,,0,99,99,,"★대치,중점,거점학원사업본부_재학+N수_인원현황 및 단과장수_260429(보고용).xlsx",4.15(수),15,L,Y/Z,AB/AC
2026-04-15,4.15(수),5,남학생 전문관,0,457,457,457,0,0,428,428,0,450,450,0,29,29,0.06775700934579439,0,7,7,1.0155555555555555,"★대치,중점,거점학원사업본부_재학+N수_인원현황 및 단과장수_260429(보고용).xlsx",4.15(수),16,L,Y/Z,AB/AC
2026-04-15,4.15(수),6,강남,102,186,288,288,0,97,158,255,99,320,419,5,28,33,0.12941176470588237,3,-134,-131,0.6873508353221957,"★대치,중점,거점학원사업본부_재학+N수_인원현황 및 단과장수_260429(보고용).xlsx",4.15(수),18,L,Y/Z,AB/AC
2026-04-15,4.15(수),7,목동,83,281,364,364,0,86,324,410,87,333,420,-3,-43,-46,-0.11219512195121951,-4,-52,-56,0.8666666666666667,"★대치,중점,거점학원사업본부_재학+N수_인원현황 및 단과장수_260429(보고용).xlsx",4.15(수),19,L,Y/Z,AB/AC
2026-04-15,4.15(수),8,분당,162,357,519,519,0,212,366,578,215,370,585,-50,-9,-59,-0.10207612456747404,-53,-13,-66,0.8871794871794871,"★대치,중점,거점학원사업본부_재학+N수_인원현황 및 단과장수_260429(보고용).xlsx",4.15(수),20,L,Y/Z,AB/AC
2026-04-15,4.15(수),9,대구,164,452,616,616,0,178,450,628,213,425,638,-14,2,-12,-0.01910828025477707,-49,27,-22,0.9655172413793104,"★대치,중점,거점학원사업본부_재학+N수_인원현황 및 단과장수_260429(보고용).xlsx",4.15(수),21,L,Y/Z,AB/AC
2026-04-15,4.15(수),10,대전,110,191,301,301,0,113,206,319,115,195,310,-3,-15,-18,-0.05642633228840126,-5,-4,-9,0.9709677419354839,"★대치,중점,거점학원사업본부_재학+N수_인원현황 및 단과장수_260429(보고용).xlsx",4.15(수),22,L,Y/Z,AB/AC
2026-04-19,4.19(일),1,최상위권 전문관,0,752,752,752,0,0,548,548,0,610,610,0,204,204,0.3722627737226277,0,142,142,1.2327868852459016,"★대치,중점,거점학원사업본부_재학+N수_인원현황 및 단과장수_260429(보고용).xlsx",4.19(일),12,L,Y/Z,AB/AC
2026-04-19,4.19(일),2,기숙 종합관,0,409,409,409,0,0,261,261,0,390,390,0,148,148,0.5670498084291188,0,19,19,1.0487179487179488,"★대치,중점,거점학원사업본부_재학+N수_인원현황 및 단과장수_260429(보고용).xlsx",4.19(일),13,L,Y/Z,AB/AC
2026-04-19,4.19(일),3,여학생 전문관,0,322,322,421,-99,0,400,400,0,400,400,0,-78,-78,-0.195,0,-78,-78,0.805,"★대치,중점,거점학원사업본부_재학+N수_인원현황 및 단과장수_260429(보고용).xlsx",4.19(일),14,L,Y/Z,AB/AC
2026-04-19,4.19(일),4,여학생 수학전문관,0,99,99,,,0,0,0,0,0,0,0,99,99,,0,99,99,,"★대치,중점,거점학원사업본부_재학+N수_인원현황 및 단과장수_260429(보고용).xlsx",4.19(일),15,L,Y/Z,AB/AC
2026-04-19,4.19(일),5,남학생 전문관,0,458,458,458,0,0,430,430,0,450,450,0,28,28,0.06511627906976744,0,8,8,1.0177777777777777,"★대치,중점,거점학원사업본부_재학+N수_인원현황 및 단과장수_260429(보고용).xlsx",4.19(일),16,L,Y/Z,AB/AC
2026-04-19,4.19(일),6,강남,102,187,289,289,0,97,159,256,99,320,419,5,28,33,0.12890625,3,-133,-130,0.6897374701670644,"★대치,중점,거점학원사업본부_재학+N수_인원현황 및 단과장수_260429(보고용).xlsx",4.19(일),18,L,Y/Z,AB/AC
2026-04-19,4.19(일),7,목동,82,283,365,365,0,86,324,410,87,333,420,-4,-41,-45,-0.10975609756097561,-5,-50,-55,0.8690476190476191,"★대치,중점,거점학원사업본부_재학+N수_인원현황 및 단과장수_260429(보고용).xlsx",4.19(일),19,L,Y/Z,AB/AC
2026-04-19,4.19(일),8,분당,162,360,522,522,0,213,367,580,215,370,585,-51,-7,-58,-0.1,-53,-10,-63,0.8923076923076924,"★대치,중점,거점학원사업본부_재학+N수_인원현황 및 단과장수_260429(보고용).xlsx",4.19(일),20,L,Y/Z,AB/AC
2026-04-19,4.19(일),9,대구,161,452,613,613,0,178,451,629,213,425,638,-17,1,-16,-0.025437201907790145,-52,27,-25,0.9608150470219435,"★대치,중점,거점학원사업본부_재학+N수_인원현황 및 단과장수_260429(보고용).xlsx",4.19(일),21,L,Y/Z,AB/AC
2026-04-19,4.19(일),10,대전,110,195,305,305,0,114,206,320,115,195,310,-4,-11,-15,-0.046875,-5,0,-5,0.9838709677419355,"★대치,중점,거점학원사업본부_재학+N수_인원현황 및 단과장수_260429(보고용).xlsx",4.19(일),22,L,Y/Z,AB/AC
2026-04-22,4.22(수),1,최상위권 전문관,0,755,755,755,0,0,550,550,0,620,620,0,205,205,0.37272727272727274,0,135,135,1.217741935483871,"★대치,중점,거점학원사업본부_재학+N수_인원현황 및 단과장수_260429(보고용).xlsx",4.22(수),12,L,Y/Z,AB/AC
2026-04-22,4.22(수),2,기숙 종합관,0,412,412,412,0,0,262,262,0,380,380,0,150,150,0.5725190839694656,0,32,32,1.0842105263157895,"★대치,중점,거점학원사업본부_재학+N수_인원현황 및 단과장수_260429(보고용).xlsx",4.22(수),13,L,Y/Z,AB/AC
2026-04-22,4.22(수),3,여학생 전문관,0,327,327,416,-89,0,401,401,0,405,405,0,-74,-74,-0.18453865336658354,0,-78,-78,0.8074074074074075,"★대치,중점,거점학원사업본부_재학+N수_인원현황 및 단과장수_260429(보고용).xlsx",4.22(수),14,L,Y/Z,AB/AC
2026-04-22,4.22(수),4,여학생 수학전문관,0,89,89,,,0,0,0,0,0,0,0,89,89,,0,89,89,,"★대치,중점,거점학원사업본부_재학+N수_인원현황 및 단과장수_260429(보고용).xlsx",4.22(수),15,L,Y/Z,AB/AC
2026-04-22,4.22(수),5,남학생 전문관,0,452,452,452,0,0,433,433,0,450,450,0,19,19,0.04387990762124711,0,2,2,1.0044444444444445,"★대치,중점,거점학원사업본부_재학+N수_인원현황 및 단과장수_260429(보고용).xlsx",4.22(수),16,L,Y/Z,AB/AC
2026-04-22,4.22(수),6,강남,102,189,291,291,0,97,159,256,99,320,419,5,30,35,0.13671875,3,-131,-128,0.6945107398568019,"★대치,중점,거점학원사업본부_재학+N수_인원현황 및 단과장수_260429(보고용).xlsx",4.22(수),18,L,Y/Z,AB/AC
2026-04-22,4.22(수),7,목동,82,288,370,370,0,87,325,412,87,333,420,-5,-37,-42,-0.10194174757281553,-5,-45,-50,0.8809523809523809,"★대치,중점,거점학원사업본부_재학+N수_인원현황 및 단과장수_260429(보고용).xlsx",4.22(수),19,L,Y/Z,AB/AC
2026-04-22,4.22(수),8,분당,161,361,522,522,0,213,369,582,215,370,585,-52,-8,-60,-0.10309278350515463,-54,-9,-63,0.8923076923076924,"★대치,중점,거점학원사업본부_재학+N수_인원현황 및 단과장수_260429(보고용).xlsx",4.22(수),20,L,Y/Z,AB/AC
2026-04-22,4.22(수),9,대구,161,453,614,614,0,179,458,637,213,425,638,-18,-5,-23,-0.03610675039246468,-52,28,-24,0.9623824451410659,"★대치,중점,거점학원사업본부_재학+N수_인원현황 및 단과장수_260429(보고용).xlsx",4.22(수),21,L,Y/Z,AB/AC
2026-04-22,4.22(수),10,대전,110,197,307,307,0,114,207,321,115,195,310,-4,-10,-14,-0.04361370716510903,-5,2,-3,0.9903225806451613,"★대치,중점,거점학원사업본부_재학+N수_인원현황 및 단과장수_260429(보고용).xlsx",4.22(수),22,L,Y/Z,AB/AC
2026-04-26,4.26(일),1,최상위권 전문관,0,758,758,758,0,0,553,553,0,620,620,0,205,205,0.3707052441229656,0,138,138,1.2225806451612904,"★대치,중점,거점학원사업본부_재학+N수_인원현황 및 단과장수_260429(보고용).xlsx",4.26(일),12,L,Y/Z,AB/AC
2026-04-26,4.26(일),2,기숙 종합관,0,414,414,414,0,0,261,261,0,380,380,0,153,153,0.5862068965517241,0,34,34,1.0894736842105264,"★대치,중점,거점학원사업본부_재학+N수_인원현황 및 단과장수_260429(보고용).xlsx",4.26(일),13,L,Y/Z,AB/AC
2026-04-26,4.26(일),3,여학생 전문관,0,329,329,418,-89,0,401,401,0,405,405,0,-72,-72,-0.17955112219451372,0,-76,-76,0.8123456790123457,"★대치,중점,거점학원사업본부_재학+N수_인원현황 및 단과장수_260429(보고용).xlsx",4.26(일),14,L,Y/Z,AB/AC
2026-04-26,4.26(일),4,여학생 수학전문관,0,89,89,,,0,0,0,0,0,0,0,89,89,,0,89,89,,"★대치,중점,거점학원사업본부_재학+N수_인원현황 및 단과장수_260429(보고용).xlsx",4.26(일),15,L,Y/Z,AB/AC
2026-04-26,4.26(일),5,남학생 전문관,0,454,454,454,0,0,432,432,0,450,450,0,22,22,0.05092592592592592,0,4,4,1.008888888888889,"★대치,중점,거점학원사업본부_재학+N수_인원현황 및 단과장수_260429(보고용).xlsx",4.26(일),16,L,Y/Z,AB/AC
2026-04-26,4.26(일),6,강남,103,191,294,294,0,108,158,266,99,320,419,-5,33,28,0.10526315789473684,4,-129,-125,0.7016706443914081,"★대치,중점,거점학원사업본부_재학+N수_인원현황 및 단과장수_260429(보고용).xlsx",4.26(일),18,L,Y/Z,AB/AC
2026-04-26,4.26(일),7,목동,82,289,371,371,0,87,327,414,87,333,420,-5,-38,-43,-0.10386473429951691,-5,-44,-49,0.8833333333333333,"★대치,중점,거점학원사업본부_재학+N수_인원현황 및 단과장수_260429(보고용).xlsx",4.26(일),19,L,Y/Z,AB/AC
2026-04-26,4.26(일),8,분당,161,359,520,520,0,213,367,580,215,370,585,-52,-8,-60,-0.10344827586206896,-54,-11,-65,0.8888888888888888,"★대치,중점,거점학원사업본부_재학+N수_인원현황 및 단과장수_260429(보고용).xlsx",4.26(일),20,L,Y/Z,AB/AC
2026-04-26,4.26(일),9,대구,161,447,608,608,0,180,454,634,213,425,638,-19,-7,-26,-0.04100946372239748,-52,22,-30,0.9529780564263323,"★대치,중점,거점학원사업본부_재학+N수_인원현황 및 단과장수_260429(보고용).xlsx",4.26(일),21,L,Y/Z,AB/AC
2026-04-26,4.26(일),10,대전,110,197,307,307,0,114,209,323,115,195,310,-4,-12,-16,-0.04953560371517028,-5,2,-3,0.9903225806451613,"★대치,중점,거점학원사업본부_재학+N수_인원현황 및 단과장수_260429(보고용).xlsx",4.26(일),22,L,Y/Z,AB/AC
2026-04-29,4.29(수),1,최상위권 전문관,0,767,767,767,0,0,556,556,0,620,620,0,211,211,0.37949640287769787,0,147,147,1.2370967741935484,"★대치,중점,거점학원사업본부_재학+N수_인원현황 및 단과장수_260429(보고용).xlsx",4.29(수),12,L,Y/Z,AB/AC
2026-04-29,4.29(수),2,기숙 종합관,0,415,415,415,0,0,259,259,0,380,380,0,156,156,0.6023166023166023,0,35,35,1.0921052631578947,"★대치,중점,거점학원사업본부_재학+N수_인원현황 및 단과장수_260429(보고용).xlsx",4.29(수),13,L,Y/Z,AB/AC
2026-04-29,4.29(수),3,여학생 전문관,0,334,334,423,-89,0,399,399,0,405,405,0,-65,-65,-0.16290726817042606,0,-71,-71,0.8246913580246914,"★대치,중점,거점학원사업본부_재학+N수_인원현황 및 단과장수_260429(보고용).xlsx",4.29(수),14,L,Y/Z,AB/AC
2026-04-29,4.29(수),4,여학생 수학전문관,0,89,89,,,0,0,0,0,0,0,0,89,89,,0,89,89,,"★대치,중점,거점학원사업본부_재학+N수_인원현황 및 단과장수_260429(보고용).xlsx",4.29(수),15,L,Y/Z,AB/AC
2026-04-29,4.29(수),5,남학생 전문관,0,454,454,454,0,0,434,434,0,450,450,0,20,20,0.04608294930875576,0,4,4,1.008888888888889,"★대치,중점,거점학원사업본부_재학+N수_인원현황 및 단과장수_260429(보고용).xlsx",4.29(수),16,L,Y/Z,AB/AC
2026-04-29,4.29(수),6,강남,103,188,291,291,0,111,156,267,99,320,419,-8,32,24,0.0898876404494382,4,-132,-128,0.6945107398568019,"★대치,중점,거점학원사업본부_재학+N수_인원현황 및 단과장수_260429(보고용).xlsx",4.29(수),18,L,Y/Z,AB/AC
2026-04-29,4.29(수),7,목동,82,290,372,372,0,87,328,415,87,333,420,-5,-38,-43,-0.10361445783132531,-5,-43,-48,0.8857142857142857,"★대치,중점,거점학원사업본부_재학+N수_인원현황 및 단과장수_260429(보고용).xlsx",4.29(수),19,L,Y/Z,AB/AC
2026-04-29,4.29(수),8,분당,161,358,519,519,0,213,367,580,215,370,585,-52,-9,-61,-0.10517241379310345,-54,-12,-66,0.8871794871794871,"★대치,중점,거점학원사업본부_재학+N수_인원현황 및 단과장수_260429(보고용).xlsx",4.29(수),20,L,Y/Z,AB/AC
2026-04-29,4.29(수),9,대구,161,445,606,606,0,181,451,632,213,425,638,-20,-6,-26,-0.04113924050632911,-52,20,-32,0.9498432601880877,"★대치,중점,거점학원사업본부_재학+N수_인원현황 및 단과장수_260429(보고용).xlsx",4.29(수),21,L,Y/Z,AB/AC
2026-04-29,4.29(수),10,대전,110,196,306,306,0,115,213,328,115,195,310,-5,-17,-22,-0.06707317073170732,-5,1,-4,0.9870967741935484,"★대치,중점,거점학원사업본부_재학+N수_인원현황 및 단과장수_260429(보고용).xlsx",4.29(수),22,L,Y/Z,AB/AC
2026-05-03,5.3(일),1,최상위권 전문관,0,764,764,764,0,0,548,548,0,610,610,0,216,216,0.39416058394160586,0,154,154,1.2524590163934426,"★대치,중점,거점학원사업본부_재학+N수_인원현황 및 단과장수_260510(보고용).xlsx",5.3(일),12,L,Y/Z,AB/AC
2026-05-03,5.3(일),2,기숙 종합관,0,417,417,417,0,0,259,259,0,390,390,0,158,158,0.61003861003861,0,27,27,1.0692307692307692,"★대치,중점,거점학원사업본부_재학+N수_인원현황 및 단과장수_260510(보고용).xlsx",5.3(일),13,L,Y/Z,AB/AC
2026-05-03,5.3(일),3,여학생 전문관,0,334,334,424,-90,0,397,397,0,405,405,0,-63,-63,-0.15869017632241814,0,-71,-71,0.8246913580246914,"★대치,중점,거점학원사업본부_재학+N수_인원현황 및 단과장수_260510(보고용).xlsx",5.3(일),14,L,Y/Z,AB/AC
2026-05-03,5.3(일),4,여학생 수학전문관,0,90,90,,,0,0,0,0,0,0,0,90,90,,0,90,90,,"★대치,중점,거점학원사업본부_재학+N수_인원현황 및 단과장수_260510(보고용).xlsx",5.3(일),15,L,Y/Z,AB/AC
2026-05-03,5.3(일),5,남학생 전문관,0,457,457,457,0,0,434,434,0,450,450,0,23,23,0.052995391705069124,0,7,7,1.0155555555555555,"★대치,중점,거점학원사업본부_재학+N수_인원현황 및 단과장수_260510(보고용).xlsx",5.3(일),16,L,Y/Z,AB/AC
2026-05-03,5.3(일),6,강남,103,193,296,296,0,86,165,251,104,351,455,17,28,45,0.17928286852589642,-1,-158,-159,0.6505494505494506,"★대치,중점,거점학원사업본부_재학+N수_인원현황 및 단과장수_260510(보고용).xlsx",5.3(일),18,L,Y/Z,AB/AC
2026-05-03,5.3(일),7,목동,80,291,371,371,0,87,339,426,92,360,452,-7,-48,-55,-0.12910798122065728,-12,-69,-81,0.8207964601769911,"★대치,중점,거점학원사업본부_재학+N수_인원현황 및 단과장수_260510(보고용).xlsx",5.3(일),19,L,Y/Z,AB/AC
2026-05-03,5.3(일),8,분당,176,372,548,548,0,218,370,588,220,390,610,-42,2,-40,-0.06802721088435375,-44,-18,-62,0.898360655737705,"★대치,중점,거점학원사업본부_재학+N수_인원현황 및 단과장수_260510(보고용).xlsx",5.3(일),20,L,Y/Z,AB/AC
2026-05-03,5.3(일),9,대구,156,451,607,607,0,167,440,607,209,429,638,-11,11,0,0.0,-53,22,-31,0.95141065830721,"★대치,중점,거점학원사업본부_재학+N수_인원현황 및 단과장수_260510(보고용).xlsx",5.3(일),21,L,Y/Z,AB/AC
2026-05-03,5.3(일),10,대전,108,192,300,300,0,110,212,322,112,204,316,-2,-20,-22,-0.06832298136645963,-4,-12,-16,0.9493670886075949,"★대치,중점,거점학원사업본부_재학+N수_인원현황 및 단과장수_260510(보고용).xlsx",5.3(일),22,L,Y/Z,AB/AC
2026-05-06,5.6(수),1,최상위권 전문관,0,758,758,758,0,0,548,548,0,610,610,0,210,210,0.38321167883211676,0,148,148,1.2426229508196722,"★대치,중점,거점학원사업본부_재학+N수_인원현황 및 단과장수_260510(보고용).xlsx",5.6(수),12,L,Y/Z,AB/AC
2026-05-06,5.6(수),2,기숙 종합관,0,416,416,416,0,0,261,261,0,390,390,0,155,155,0.5938697318007663,0,26,26,1.0666666666666667,"★대치,중점,거점학원사업본부_재학+N수_인원현황 및 단과장수_260510(보고용).xlsx",5.6(수),13,L,Y/Z,AB/AC
2026-05-06,5.6(수),3,여학생 전문관,0,336,336,425,-89,0,387,387,0,405,405,0,-51,-51,-0.13178294573643412,0,-69,-69,0.8296296296296296,"★대치,중점,거점학원사업본부_재학+N수_인원현황 및 단과장수_260510(보고용).xlsx",5.6(수),14,L,Y/Z,AB/AC
2026-05-06,5.6(수),4,여학생 수학전문관,0,89,89,,,0,0,0,0,0,0,0,89,89,,0,89,89,,"★대치,중점,거점학원사업본부_재학+N수_인원현황 및 단과장수_260510(보고용).xlsx",5.6(수),15,L,Y/Z,AB/AC
2026-05-06,5.6(수),5,남학생 전문관,0,456,456,456,0,0,423,423,0,450,450,0,33,33,0.07801418439716312,0,6,6,1.0133333333333334,"★대치,중점,거점학원사업본부_재학+N수_인원현황 및 단과장수_260510(보고용).xlsx",5.6(수),16,L,Y/Z,AB/AC
2026-05-06,5.6(수),6,강남,103,195,298,298,0,92,167,259,104,351,455,11,28,39,0.15057915057915058,-1,-156,-157,0.654945054945055,"★대치,중점,거점학원사업본부_재학+N수_인원현황 및 단과장수_260510(보고용).xlsx",5.6(수),18,L,Y/Z,AB/AC
2026-05-06,5.6(수),7,목동,83,295,378,378,0,87,355,442,92,360,452,-4,-60,-64,-0.14479638009049775,-9,-65,-74,0.8362831858407079,"★대치,중점,거점학원사업본부_재학+N수_인원현황 및 단과장수_260510(보고용).xlsx",5.6(수),19,L,Y/Z,AB/AC
2026-05-06,5.6(수),8,분당,179,374,553,553,0,219,375,594,220,390,610,-40,-1,-41,-0.06902356902356903,-41,-16,-57,0.9065573770491804,"★대치,중점,거점학원사업본부_재학+N수_인원현황 및 단과장수_260510(보고용).xlsx",5.6(수),20,L,Y/Z,AB/AC
2026-05-06,5.6(수),9,대구,159,456,615,615,0,175,444,619,209,429,638,-16,12,-4,-0.006462035541195477,-50,27,-23,0.9639498432601881,"★대치,중점,거점학원사업본부_재학+N수_인원현황 및 단과장수_260510(보고용).xlsx",5.6(수),21,L,Y/Z,AB/AC
2026-05-06,5.6(수),10,대전,110,196,306,306,0,111,211,322,112,204,316,-1,-15,-16,-0.049689440993788817,-2,-8,-10,0.9683544303797469,"★대치,중점,거점학원사업본부_재학+N수_인원현황 및 단과장수_260510(보고용).xlsx",5.6(수),22,L,Y/Z,AB/AC
2026-05-10,5.10(일),1,최상위권 전문관,0,757,757,757,0,0,549,549,0,610,610,0,208,208,0.3788706739526412,0,147,147,1.240983606557377,"★대치,중점,거점학원사업본부_재학+N수_인원현황 및 단과장수_260510(보고용).xlsx",5.10(일),12,N,AA/AB,AD/AE
2026-05-10,5.10(일),2,기숙 종합관,0,414,414,414,0,0,260,260,0,390,390,0,154,154,0.5923076923076923,0,24,24,1.0615384615384615,"★대치,중점,거점학원사업본부_재학+N수_인원현황 및 단과장수_260510(보고용).xlsx",5.10(일),13,N,AA/AB,AD/AE
2026-05-10,5.10(일),3,여학생 전문관,0,335,335,426,-91,0,392,392,0,405,405,0,-57,-57,-0.14540816326530612,0,-70,-70,0.8271604938271605,"★대치,중점,거점학원사업본부_재학+N수_인원현황 및 단과장수_260510(보고용).xlsx",5.10(일),14,N,AA/AB,AD/AE
2026-05-10,5.10(일),4,여학생 수학전문관,0,91,91,,,0,0,0,0,0,0,0,91,91,,0,91,91,,"★대치,중점,거점학원사업본부_재학+N수_인원현황 및 단과장수_260510(보고용).xlsx",5.10(일),15,N,AA/AB,AD/AE
2026-05-10,5.10(일),5,남학생 전문관,0,455,455,455,0,0,421,421,0,450,450,0,34,34,0.08076009501187649,0,5,5,1.011111111111111,"★대치,중점,거점학원사업본부_재학+N수_인원현황 및 단과장수_260510(보고용).xlsx",5.10(일),16,N,AA/AB,AD/AE
2026-05-10,5.10(일),6,강남,103,197,300,300,0,94,168,262,104,351,455,9,29,38,0.1450381679389313,-1,-154,-155,0.6593406593406593,"★대치,중점,거점학원사업본부_재학+N수_인원현황 및 단과장수_260510(보고용).xlsx",5.10(일),18,N,AA/AB,AD/AE
2026-05-10,5.10(일),7,목동,83,298,381,381,0,91,361,452,92,360,452,-8,-63,-71,-0.1570796460176991,-9,-62,-71,0.8429203539823009,"★대치,중점,거점학원사업본부_재학+N수_인원현황 및 단과장수_260510(보고용).xlsx",5.10(일),19,N,AA/AB,AD/AE
2026-05-10,5.10(일),8,분당,179,381,560,560,0,219,379,598,220,390,610,-40,2,-38,-0.06354515050167224,-41,-9,-50,0.9180327868852459,"★대치,중점,거점학원사업본부_재학+N수_인원현황 및 단과장수_260510(보고용).xlsx",5.10(일),20,N,AA/AB,AD/AE
2026-05-10,5.10(일),9,대구,159,451,610,610,0,179,447,626,209,429,638,-20,4,-16,-0.025559105431309903,-50,22,-28,0.9561128526645768,"★대치,중점,거점학원사업본부_재학+N수_인원현황 및 단과장수_260510(보고용).xlsx",5.10(일),21,N,AA/AB,AD/AE
2026-05-10,5.10(일),10,대전,112,197,309,309,0,110,213,323,112,204,316,2,-16,-14,-0.043343653250773995,0,-7,-7,0.9778481012658228,"★대치,중점,거점학원사업본부_재학+N수_인원현황 및 단과장수_260510(보고용).xlsx",5.10(일),22,N,AA/AB,AD/AE
